{
  "0": [5.0, 3.0, 3.1622776602, 3.0, 10.0],
  "1": [5.1, 3.1, 3.1622776602, 3.0, 9.80],
  "2": [5.0, 3.0, 3.245, 3.2, 10.15]
}